region,year,percentage,source
Northern Africa,2000,0.6092,International Telecommunication Union (ITU)
Northern Africa,2005,9.2294,International Telecommunication Union (ITU)
Northern Africa,2010,24.5691,International Telecommunication Union (ITU)
Northern Africa,2015,38.8181,International Telecommunication Union (ITU)
Northern Africa,2016,39.2427,International Telecommunication Union (ITU)
Northern Africa,2017,45.8301,International Telecommunication Union (ITU)
Northern Africa,2018,44.1412,International Telecommunication Union (ITU)
Sub-Saharan Africa,2000,0.5414,International Telecommunication Union (ITU)
Sub-Saharan Africa,2005,2.0847,International Telecommunication Union (ITU)
Sub-Saharan Africa,2010,6.5452,International Telecommunication Union (ITU)
Sub-Saharan Africa,2015,20.4993,International Telecommunication Union (ITU)
Sub-Saharan Africa,2016,19.5478,International Telecommunication Union (ITU)
Sub-Saharan Africa,2017,25.2232,International Telecommunication Union (ITU)
Sub-Saharan Africa,2018,26.0498,International Telecommunication Union (ITU)
Eastern Africa,2000,0.2132,International Telecommunication Union (ITU)
Eastern Africa,2005,1.331,International Telecommunication Union (ITU)
Eastern Africa,2010,4.4616,International Telecommunication Union (ITU)
Eastern Africa,2015,14.4739,International Telecommunication Union (ITU)
Eastern Africa,2016,14.9954,International Telecommunication Union (ITU)
Eastern Africa,2017,18.0356,International Telecommunication Union (ITU)
Eastern Africa,2018,17.5692,International Telecommunication Union (ITU)
Middle Africa,2000,0.0907,International Telecommunication Union (ITU)
Middle Africa,2005,0.7177,International Telecommunication Union (ITU)
Middle Africa,2010,2.1271,International Telecommunication Union (ITU)
Middle Africa,2015,8.6898,International Telecommunication Union (ITU)
Middle Africa,2016,10.5736,International Telecommunication Union (ITU)
Middle Africa,2017,12.3647,International Telecommunication Union (ITU)
Middle Africa,2018,13.9238,International Telecommunication Union (ITU)
Southern Africa,2000,4.8518,International Telecommunication Union (ITU)
Southern Africa,2005,6.9752,International Telecommunication Union (ITU)
Southern Africa,2010,22.0126,International Telecommunication Union (ITU)
Southern Africa,2015,49.1226,International Telecommunication Union (ITU)
Southern Africa,2016,51.35,International Telecommunication Union (ITU)
Southern Africa,2017,54.6286,International Telecommunication Union (ITU)
Southern Africa,2018,54.947,International Telecommunication Union (ITU)
Western Africa,2000,0.1325,International Telecommunication Union (ITU)
Western Africa,2005,2.4667,International Telecommunication Union (ITU)
Western Africa,2010,7.7325,International Telecommunication Union (ITU)
Western Africa,2015,27.2079,International Telecommunication Union (ITU)
Western Africa,2017,33.7149,International Telecommunication Union (ITU)
Western Africa,2018,35.8218,International Telecommunication Union (ITU)
Northern America,2000,43.882,International Telecommunication Union (ITU)
Northern America,2005,68.3286,International Telecommunication Union (ITU)
Northern America,2010,72.5474,International Telecommunication Union (ITU)
Northern America,2015,76.1159,International Telecommunication Union (ITU)
Northern America,2016,86.1122,International Telecommunication Union (ITU)
Northern America,2017,87.6442,International Telecommunication Union (ITU)
Northern America,2018,89.1898,International Telecommunication Union (ITU)
Latin America & the Caribbean,2000,3.8905,International Telecommunication Union (ITU)
Latin America & the Caribbean,2005,16.6266,International Telecommunication Union (ITU)
Latin America & the Caribbean,2010,34.6965,International Telecommunication Union (ITU)
Latin America & the Caribbean,2015,54.616,International Telecommunication Union (ITU)
Latin America & the Caribbean,2016,57.3554,International Telecommunication Union (ITU)
Latin America & the Caribbean,2017,63.2188,International Telecommunication Union (ITU)
Latin America & the Caribbean,2018,66.3142,International Telecommunication Union (ITU)
Caribbean,2000,2.9245,International Telecommunication Union (ITU)
Caribbean,2005,12.53,International Telecommunication Union (ITU)
Caribbean,2010,23.6549,International Telecommunication Union (ITU)
Caribbean,2015,39.6129,International Telecommunication Union (ITU)
Caribbean,2016,44.3707,International Telecommunication Union (ITU)
Caribbean,2017,50.2022,International Telecommunication Union (ITU)
Caribbean,2018,58.721,International Telecommunication Union (ITU)
Latin America,2000,3.9663,International Telecommunication Union (ITU)
Latin America,2005,16.9391,International Telecommunication Union (ITU)
Latin America,2010,35.5181,International Telecommunication Union (ITU)
Latin America,2015,55.6886,International Telecommunication Union (ITU)
Latin America,2016,58.2821,International Telecommunication Union (ITU)
Latin America,2017,64.1424,International Telecommunication Union (ITU)
Latin America,2018,66.8441,International Telecommunication Union (ITU)
Asia,2000,2.9804,International Telecommunication Union (ITU)
Asia,2005,9.0278,International Telecommunication Union (ITU)
Asia,2010,22.621,International Telecommunication Union (ITU)
Asia,2015,35.706,International Telecommunication Union (ITU)
Asia,2016,39.5032,International Telecommunication Union (ITU)
Asia,2017,45.2835,International Telecommunication Union (ITU)
Asia,2018,47.2714,International Telecommunication Union (ITU)
Central Asia,2000,0.506,International Telecommunication Union (ITU)
Central Asia,2005,3.3227,International Telecommunication Union (ITU)
Central Asia,2010,18.431,International Telecommunication Union (ITU)
Central Asia,2015,43.7,International Telecommunication Union (ITU)
Central Asia,2016,47.4378,International Telecommunication Union (ITU)
Central Asia,2017,50.8842,International Telecommunication Union (ITU)
Central Asia,2018,51.3321,International Telecommunication Union (ITU)
Eastern Asia,2000,5.951,International Telecommunication Union (ITU)
Eastern Asia,2005,16.1332,International Telecommunication Union (ITU)
Eastern Asia,2010,39.4847,International Telecommunication Union (ITU)
Eastern Asia,2015,54.4446,International Telecommunication Union (ITU)
Eastern Asia,2016,57.1998,International Telecommunication Union (ITU)
Eastern Asia,2017,58.6047,International Telecommunication Union (ITU)
Eastern Asia,2018,59.1259,International Telecommunication Union (ITU)
South-central Asia,2000,0.4581,International Telecommunication Union (ITU)
South-central Asia,2005,2.8177,International Telecommunication Union (ITU)
South-central Asia,2010,7.977,International Telecommunication Union (ITU)
South-central Asia,2015,18.4207,International Telecommunication Union (ITU)
South-central Asia,2016,22.5935,International Telecommunication Union (ITU)
South-central Asia,2017,32.2654,International Telecommunication Union (ITU)
South-central Asia,2018,34.1241,International Telecommunication Union (ITU)
South-eastern Asia,2000,2.3838,International Telecommunication Union (ITU)
South-eastern Asia,2005,8.6736,International Telecommunication Union (ITU)
South-eastern Asia,2010,18.8327,International Telecommunication Union (ITU)
South-eastern Asia,2015,31.9145,International Telecommunication Union (ITU)
South-eastern Asia,2016,39.913,International Telecommunication Union (ITU)
South-eastern Asia,2017,45.3487,International Telecommunication Union (ITU)
South-eastern Asia,2018,48.1953,International Telecommunication Union (ITU)
Southern Asia,2000,0.4562,International Telecommunication Union (ITU)
Southern Asia,2005,2.7991,International Telecommunication Union (ITU)
Southern Asia,2010,7.5936,International Telecommunication Union (ITU)
Southern Asia,2015,17.4736,International Telecommunication Union (ITU)
Southern Asia,2016,21.6581,International Telecommunication Union (ITU)
Southern Asia,2017,31.5611,International Telecommunication Union (ITU)
Southern Asia,2018,33.4701,International Telecommunication Union (ITU)
Western Asia,2000,3.6168,International Telecommunication Union (ITU)
Western Asia,2005,11.1098,International Telecommunication Union (ITU)
Western Asia,2010,32.6611,International Telecommunication Union (ITU)
Western Asia,2015,56.5372,International Telecommunication Union (ITU)
Western Asia,2016,54.4787,International Telecommunication Union (ITU)
Western Asia,2017,62.6295,International Telecommunication Union (ITU)
Western Asia,2018,67.6286,International Telecommunication Union (ITU)
Europe,2000,15.2377,International Telecommunication Union (ITU)
Europe,2005,39.7892,International Telecommunication Union (ITU)
Europe,2010,61.3115,International Telecommunication Union (ITU)
Europe,2015,74.2657,International Telecommunication Union (ITU)
Europe,2016,76.3263,International Telecommunication Union (ITU)
Europe,2017,78.4909,International Telecommunication Union (ITU)
Europe,2018,82.0171,International Telecommunication Union (ITU)
Oceania,2000,34.719,International Telecommunication Union (ITU)
Oceania,2005,46.8856,International Telecommunication Union (ITU)
Oceania,2010,57.3387,International Telecommunication Union (ITU)
Oceania,2015,65.7064,International Telecommunication Union (ITU)
Oceania,2016,67.3884,International Telecommunication Union (ITU)
Oceania,2017,68.1514,International Telecommunication Union (ITU)
Australia and New Zealand,2000,46.8614,International Telecommunication Union (ITU)
Australia and New Zealand,2005,62.9524,International Telecommunication Union (ITU)
Australia and New Zealand,2010,76.7348,International Telecommunication Union (ITU)
Australia and New Zealand,2015,85.1525,International Telecommunication Union (ITU)
Australia and New Zealand,2016,86.8509,International Telecommunication Union (ITU)
Australia and New Zealand,2017,87.23,International Telecommunication Union (ITU)
Australia and New Zealand,2018,86.922,International Telecommunication Union (ITU)
Afghanistan,2005,1.2241,International Telecommunication Union (ITU)
Afghanistan,2010,4,International Telecommunication Union (ITU)
Afghanistan,2015,8.26,International Telecommunication Union (ITU)
Afghanistan,2016,11.2,International Telecommunication Union (ITU)
Afghanistan,2017,13.5,International Telecommunication Union (ITU)
Albania,2000,0.1141,International Telecommunication Union (ITU)
Albania,2005,6.0439,International Telecommunication Union (ITU)
Albania,2010,45,International Telecommunication Union (ITU)
Albania,2015,63.2529,International Telecommunication Union (ITU)
Albania,2016,66.3634,International Telecommunication Union (ITU)
Albania,2017,71.847,International Telecommunication Union (ITU)
Algeria,2000,0.4917,International Telecommunication Union (ITU)
Algeria,2005,5.8439,International Telecommunication Union (ITU)
Algeria,2010,12.5,International Telecommunication Union (ITU)
Algeria,2015,38.2,International Telecommunication Union (ITU)
Algeria,2016,42.9455,International Telecommunication Union (ITU)
Algeria,2017,47.6911,International Telecommunication Union (ITU)
Algeria,2018,49.0385,International Telecommunication Union (ITU)
Andorra,2000,10.5388,International Telecommunication Union (ITU)
Andorra,2005,37.6058,International Telecommunication Union (ITU)
Andorra,2010,81,International Telecommunication Union (ITU)
Andorra,2015,96.91,International Telecommunication Union (ITU)
Andorra,2016,97.9306,International Telecommunication Union (ITU)
Andorra,2017,91.5675,International Telecommunication Union (ITU)
Angola,2000,0.105,International Telecommunication Union (ITU)
Angola,2005,1.1434,International Telecommunication Union (ITU)
Angola,2010,2.8,International Telecommunication Union (ITU)
Angola,2015,12.4,International Telecommunication Union (ITU)
Angola,2016,13,International Telecommunication Union (ITU)
Angola,2017,14.3391,International Telecommunication Union (ITU)
Anguilla,2000,22.4054,International Telecommunication Union (ITU)
Anguilla,2005,29,International Telecommunication Union (ITU)
Anguilla,2010,49.6,International Telecommunication Union (ITU)
Anguilla,2015,75.98,International Telecommunication Union (ITU)
Anguilla,2016,81.57,International Telecommunication Union (ITU)
Antigua and Barbuda,2000,6.4822,International Telecommunication Union (ITU)
Antigua and Barbuda,2005,27,International Telecommunication Union (ITU)
Antigua and Barbuda,2010,47,International Telecommunication Union (ITU)
Antigua and Barbuda,2015,70,International Telecommunication Union (ITU)
Antigua and Barbuda,2016,73,International Telecommunication Union (ITU)
Antigua and Barbuda,2017,76,International Telecommunication Union (ITU)
Argentina,2000,7.0387,International Telecommunication Union (ITU)
Argentina,2005,17.7206,International Telecommunication Union (ITU)
Argentina,2010,45,International Telecommunication Union (ITU)
Argentina,2015,68.0431,International Telecommunication Union (ITU)
Argentina,2016,70.969,International Telecommunication Union (ITU)
Argentina,2017,74.2949,International Telecommunication Union (ITU)
Armenia,2000,1.3005,International Telecommunication Union (ITU)
Armenia,2005,5.253,International Telecommunication Union (ITU)
Armenia,2010,25,International Telecommunication Union (ITU)
Armenia,2015,59.1024,International Telecommunication Union (ITU)
Armenia,2016,64.346,International Telecommunication Union (ITU)
Armenia,2017,64.7449,International Telecommunication Union (ITU)
Aruba,2000,15.4428,International Telecommunication Union (ITU)
Aruba,2005,25.4,International Telecommunication Union (ITU)
Aruba,2010,62,International Telecommunication Union (ITU)
Aruba,2015,88.6612,International Telecommunication Union (ITU)
Aruba,2016,93.5425,International Telecommunication Union (ITU)
Aruba,2017,97.17,International Telecommunication Union (ITU)
Australia,2000,46.7561,International Telecommunication Union (ITU)
Australia,2005,63,International Telecommunication Union (ITU)
Australia,2010,76,International Telecommunication Union (ITU)
Australia,2015,84.5605,International Telecommunication Union (ITU)
Australia,2016,86.54,International Telecommunication Union (ITU)
Australia,2017,86.545,International Telecommunication Union (ITU)
Austria,2000,33.7301,International Telecommunication Union (ITU)
Austria,2005,58,International Telecommunication Union (ITU)
Austria,2010,75.17,International Telecommunication Union (ITU)
Austria,2015,83.9401,International Telecommunication Union (ITU)
Austria,2016,84.3237,International Telecommunication Union (ITU)
Austria,2017,87.9356,International Telecommunication Union (ITU)
Austria,2018,87.4791,International Telecommunication Union (ITU)
Azerbaijan,2000,0.1478,International Telecommunication Union (ITU)
Azerbaijan,2005,8.0304,International Telecommunication Union (ITU)
Azerbaijan,2010,46,International Telecommunication Union (ITU)
Azerbaijan,2015,77,International Telecommunication Union (ITU)
Azerbaijan,2016,78.2,International Telecommunication Union (ITU)
Azerbaijan,2017,79,International Telecommunication Union (ITU)
Azerbaijan,2018,79.8,International Telecommunication Union (ITU)
Bahamas,2000,8,International Telecommunication Union (ITU)
Bahamas,2005,25,International Telecommunication Union (ITU)
Bahamas,2010,43,International Telecommunication Union (ITU)
Bahamas,2015,78,International Telecommunication Union (ITU)
Bahamas,2016,80,International Telecommunication Union (ITU)
Bahamas,2017,85,International Telecommunication Union (ITU)
Bahrain,2000,6.1537,International Telecommunication Union (ITU)
Bahrain,2005,21.3037,International Telecommunication Union (ITU)
Bahrain,2010,55,International Telecommunication Union (ITU)
Bahrain,2015,93.4783,International Telecommunication Union (ITU)
Bahrain,2016,98,International Telecommunication Union (ITU)
Bahrain,2017,95.8781,International Telecommunication Union (ITU)
Bahrain,2018,98.6447,International Telecommunication Union (ITU)
Bangladesh,2000,0.071,International Telecommunication Union (ITU)
Bangladesh,2005,0.2416,International Telecommunication Union (ITU)
Bangladesh,2010,3.7,International Telecommunication Union (ITU)
Bangladesh,2015,14.4,International Telecommunication Union (ITU)
Bangladesh,2016,18.02,International Telecommunication Union (ITU)
Bangladesh,2017,15,International Telecommunication Union (ITU)
Barbados,2000,3.9737,International Telecommunication Union (ITU)
Barbados,2005,52.5,International Telecommunication Union (ITU)
Barbados,2010,65.1,International Telecommunication Union (ITU)
Barbados,2015,76.11,International Telecommunication Union (ITU)
Barbados,2016,79.5494,International Telecommunication Union (ITU)
Barbados,2017,81.7608,International Telecommunication Union (ITU)
Belarus,2000,1.8604,International Telecommunication Union (ITU)
Belarus,2010,31.8,International Telecommunication Union (ITU)
Belarus,2015,62.2304,International Telecommunication Union (ITU)
Belarus,2016,71.113,International Telecommunication Union (ITU)
Belarus,2017,74.4364,International Telecommunication Union (ITU)
Belarus,2018,79.1299,International Telecommunication Union (ITU)
Belgium,2000,29.4317,International Telecommunication Union (ITU)
Belgium,2005,55.82,International Telecommunication Union (ITU)
Belgium,2010,75,International Telecommunication Union (ITU)
Belgium,2015,85.0529,International Telecommunication Union (ITU)
Belgium,2016,86.5165,International Telecommunication Union (ITU)
Belgium,2017,87.6797,International Telecommunication Union (ITU)
Belgium,2018,88.6551,International Telecommunication Union (ITU)
Belize,2000,5.9638,International Telecommunication Union (ITU)
Belize,2005,17,International Telecommunication Union (ITU)
Belize,2010,28.2,International Telecommunication Union (ITU)
Belize,2015,41.59,International Telecommunication Union (ITU)
Belize,2016,44.5757,International Telecommunication Union (ITU)
Belize,2017,47.0826,International Telecommunication Union (ITU)
Benin,2000,0.2252,International Telecommunication Union (ITU)
Benin,2005,1.271,International Telecommunication Union (ITU)
Benin,2010,3.13,International Telecommunication Union (ITU)
Benin,2015,11.255,International Telecommunication Union (ITU)
Benin,2016,11.994,International Telecommunication Union (ITU)
Benin,2017,20,International Telecommunication Union (ITU)
Bermuda,2000,42.9499,International Telecommunication Union (ITU)
Bermuda,2005,65.4471,International Telecommunication Union (ITU)
Bermuda,2010,84.21,International Telecommunication Union (ITU)
Bermuda,2015,98.3236,International Telecommunication Union (ITU)
Bermuda,2016,98,International Telecommunication Union (ITU)
Bermuda,2017,98.37,International Telecommunication Union (ITU)
Bhutan,2000,0.4009,International Telecommunication Union (ITU)
Bhutan,2005,3.8471,International Telecommunication Union (ITU)
Bhutan,2010,13.6,International Telecommunication Union (ITU)
Bhutan,2015,39.8,International Telecommunication Union (ITU)
Bhutan,2016,41.7726,International Telecommunication Union (ITU)
Bhutan,2017,48.1064,International Telecommunication Union (ITU)
Bolivia (Plurin. State of),2000,1.4428,International Telecommunication Union (ITU)
Bolivia (Plurin. State of),2005,5.2276,International Telecommunication Union (ITU)
Bolivia (Plurin. State of),2010,22.4,International Telecommunication Union (ITU)
Bolivia (Plurin. State of),2015,35.5623,International Telecommunication Union (ITU)
Bolivia (Plurin. State of),2016,39.6975,International Telecommunication Union (ITU)
Bolivia (Plurin. State of),2017,43.8323,International Telecommunication Union (ITU)
Bolivia (Plurin. State of),2018,44.2861,International Telecommunication Union (ITU)
Bosnia and Herzegovina,2000,1.083,International Telecommunication Union (ITU)
Bosnia and Herzegovina,2005,21.3267,International Telecommunication Union (ITU)
Bosnia and Herzegovina,2010,42.75,International Telecommunication Union (ITU)
Bosnia and Herzegovina,2015,52.6,International Telecommunication Union (ITU)
Bosnia and Herzegovina,2016,60.2565,International Telecommunication Union (ITU)
Bosnia and Herzegovina,2017,64.892,International Telecommunication Union (ITU)
Bosnia and Herzegovina,2018,70.1201,International Telecommunication Union (ITU)
Botswana,2000,2.9027,International Telecommunication Union (ITU)
Botswana,2005,3.2626,International Telecommunication Union (ITU)
Botswana,2010,6,International Telecommunication Union (ITU)
Botswana,2015,37.3121,International Telecommunication Union (ITU)
Botswana,2016,39.363,International Telecommunication Union (ITU)
Botswana,2017,47,International Telecommunication Union (ITU)
Brazil,2000,2.8707,International Telecommunication Union (ITU)
Brazil,2005,21.0227,International Telecommunication Union (ITU)
Brazil,2010,40.65,International Telecommunication Union (ITU)
Brazil,2015,58.328,International Telecommunication Union (ITU)
Brazil,2016,60.8725,International Telecommunication Union (ITU)
Brazil,2017,67.4713,International Telecommunication Union (ITU)
Brazil,2018,70.4343,International Telecommunication Union (ITU)
British Virgin Islands,2010,37,International Telecommunication Union (ITU)
British Virgin Islands,2016,77.7014,International Telecommunication Union (ITU)
British Virgin Islands,2017,77.7043,International Telecommunication Union (ITU)
Brunei Darussalam,2000,8.9963,International Telecommunication Union (ITU)
Brunei Darussalam,2005,36.4664,International Telecommunication Union (ITU)
Brunei Darussalam,2010,53,International Telecommunication Union (ITU)
Brunei Darussalam,2015,71.2,International Telecommunication Union (ITU)
Brunei Darussalam,2016,90,International Telecommunication Union (ITU)
Brunei Darussalam,2017,94.8667,International Telecommunication Union (ITU)
Bulgaria,2000,5.3709,International Telecommunication Union (ITU)
Bulgaria,2005,19.97,International Telecommunication Union (ITU)
Bulgaria,2010,46.23,International Telecommunication Union (ITU)
Bulgaria,2015,56.6563,International Telecommunication Union (ITU)
Bulgaria,2016,59.8255,International Telecommunication Union (ITU)
Bulgaria,2017,63.4101,International Telecommunication Union (ITU)
Bulgaria,2018,64.782,International Telecommunication Union (ITU)
Burkina Faso,2000,0.0771,International Telecommunication Union (ITU)
Burkina Faso,2005,0.4699,International Telecommunication Union (ITU)
Burkina Faso,2010,2.4,International Telecommunication Union (ITU)
Burkina Faso,2015,14,International Telecommunication Union (ITU)
Burkina Faso,2016,13.96,International Telecommunication Union (ITU)
Burkina Faso,2017,16,International Telecommunication Union (ITU)
Burundi,2000,0.0772,International Telecommunication Union (ITU)
Burundi,2005,0.5421,International Telecommunication Union (ITU)
Burundi,2010,1,International Telecommunication Union (ITU)
Burundi,2015,4.8662,International Telecommunication Union (ITU)
Burundi,2016,5.1736,International Telecommunication Union (ITU)
Burundi,2017,2.6607,International Telecommunication Union (ITU)
Cabo Verde,2000,1.8224,International Telecommunication Union (ITU)
Cabo Verde,2005,6.0741,International Telecommunication Union (ITU)
Cabo Verde,2010,30,International Telecommunication Union (ITU)
Cabo Verde,2015,42.68,International Telecommunication Union (ITU)
Cabo Verde,2016,50.3228,International Telecommunication Union (ITU)
Cabo Verde,2017,57.1621,International Telecommunication Union (ITU)
Cambodia,2000,0.047,International Telecommunication Union (ITU)
Cambodia,2005,0.3173,International Telecommunication Union (ITU)
Cambodia,2010,1.26,International Telecommunication Union (ITU)
Cambodia,2015,6.4332,International Telecommunication Union (ITU)
Cambodia,2016,32.3985,International Telecommunication Union (ITU)
Cambodia,2017,32.4469,International Telecommunication Union (ITU)
Cambodia,2018,40,International Telecommunication Union (ITU)
Cameroon,2000,0.2521,International Telecommunication Union (ITU)
Cameroon,2005,1.4027,International Telecommunication Union (ITU)
Cameroon,2010,4.3,International Telecommunication Union (ITU)
Cameroon,2015,20.6801,International Telecommunication Union (ITU)
Cameroon,2016,23.203,International Telecommunication Union (ITU)
Cameroon,2017,23.203,International Telecommunication Union (ITU)
Canada,2000,51.3,International Telecommunication Union (ITU)
Canada,2005,71.66,International Telecommunication Union (ITU)
Canada,2010,80.3,International Telecommunication Union (ITU)
Canada,2015,90,International Telecommunication Union (ITU)
Canada,2016,91.16,International Telecommunication Union (ITU)
Canada,2017,91,International Telecommunication Union (ITU)
Cayman Islands,2005,38.0344,International Telecommunication Union (ITU)
Cayman Islands,2010,66,International Telecommunication Union (ITU)
Cayman Islands,2015,77,International Telecommunication Union (ITU)
Cayman Islands,2016,79,International Telecommunication Union (ITU)
Cayman Islands,2017,81.0677,International Telecommunication Union (ITU)
Central African Republic,2000,0.0534,International Telecommunication Union (ITU)
Central African Republic,2005,0.2682,International Telecommunication Union (ITU)
Central African Republic,2010,2,International Telecommunication Union (ITU)
Central African Republic,2015,3.8,International Telecommunication Union (ITU)
Central African Republic,2016,4,International Telecommunication Union (ITU)
Central African Republic,2017,4.3393,International Telecommunication Union (ITU)
Chad,2000,0.0357,International Telecommunication Union (ITU)
Chad,2005,0.3993,International Telecommunication Union (ITU)
Chad,2010,1.7,International Telecommunication Union (ITU)
Chad,2015,3.5,International Telecommunication Union (ITU)
Chad,2016,5,International Telecommunication Union (ITU)
Chad,2017,6.5,International Telecommunication Union (ITU)
Chile,2000,16.6,International Telecommunication Union (ITU)
Chile,2005,31.1753,International Telecommunication Union (ITU)
Chile,2010,45,International Telecommunication Union (ITU)
Chile,2015,76.63,International Telecommunication Union (ITU)
Chile,2016,83.5586,International Telecommunication Union (ITU)
Chile,2017,82.3275,International Telecommunication Union (ITU)
China,2000,1.7759,International Telecommunication Union (ITU)
China,2005,8.5233,International Telecommunication Union (ITU)
China,2010,34.3,International Telecommunication Union (ITU)
China,2015,50.3,International Telecommunication Union (ITU)
China,2016,53.2,International Telecommunication Union (ITU)
China,2017,54.3,International Telecommunication Union (ITU)
"China, Hong Kong SAR",2000,27.8278,International Telecommunication Union (ITU)
"China, Hong Kong SAR",2005,56.9,International Telecommunication Union (ITU)
"China, Hong Kong SAR",2010,72,International Telecommunication Union (ITU)
"China, Hong Kong SAR",2015,84.9484,International Telecommunication Union (ITU)
"China, Hong Kong SAR",2016,87.4794,International Telecommunication Union (ITU)
"China, Hong Kong SAR",2017,89.4159,International Telecommunication Union (ITU)
"China, Hong Kong SAR",2018,90.5074,International Telecommunication Union (ITU)
"China, Macao SAR",2000,13.6086,International Telecommunication Union (ITU)
"China, Macao SAR",2005,34.8629,International Telecommunication Union (ITU)
"China, Macao SAR",2010,55.198,International Telecommunication Union (ITU)
"China, Macao SAR",2015,77.6001,International Telecommunication Union (ITU)
"China, Macao SAR",2016,81.643,International Telecommunication Union (ITU)
"China, Macao SAR",2017,83.1741,International Telecommunication Union (ITU)
"China, Macao SAR",2018,83.7941,International Telecommunication Union (ITU)
Colombia,2000,2.2075,International Telecommunication Union (ITU)
Colombia,2005,11.0073,International Telecommunication Union (ITU)
Colombia,2010,36.5,International Telecommunication Union (ITU)
Colombia,2015,55.905,International Telecommunication Union (ITU)
Colombia,2016,58.1365,International Telecommunication Union (ITU)
Colombia,2017,62.2599,International Telecommunication Union (ITU)
Colombia,2018,64.1264,International Telecommunication Union (ITU)
Comoros,2000,0.2717,International Telecommunication Union (ITU)
Comoros,2005,2,International Telecommunication Union (ITU)
Comoros,2010,5.1,International Telecommunication Union (ITU)
Comoros,2015,7.4592,International Telecommunication Union (ITU)
Comoros,2016,7.9383,International Telecommunication Union (ITU)
Comoros,2017,8.4782,International Telecommunication Union (ITU)
Congo,2000,0.0264,International Telecommunication Union (ITU)
Congo,2005,1.4634,International Telecommunication Union (ITU)
Congo,2010,5,International Telecommunication Union (ITU)
Congo,2015,7.616,International Telecommunication Union (ITU)
Congo,2016,8.1219,International Telecommunication Union (ITU)
Congo,2017,8.65,International Telecommunication Union (ITU)
Costa Rica,2000,5.8003,International Telecommunication Union (ITU)
Costa Rica,2005,22.07,International Telecommunication Union (ITU)
Costa Rica,2010,36.5,International Telecommunication Union (ITU)
Costa Rica,2015,59.763,International Telecommunication Union (ITU)
Costa Rica,2016,65.8804,International Telecommunication Union (ITU)
Costa Rica,2017,71.3908,International Telecommunication Union (ITU)
Costa Rica,2018,74.0868,International Telecommunication Union (ITU)
Côte d’Ivoire,2000,0.2315,International Telecommunication Union (ITU)
Côte d’Ivoire,2005,1.0392,International Telecommunication Union (ITU)
Côte d’Ivoire,2010,2.7,International Telecommunication Union (ITU)
Côte d’Ivoire,2015,38.44,International Telecommunication Union (ITU)
Côte d’Ivoire,2016,41.2078,International Telecommunication Union (ITU)
Côte d’Ivoire,2017,43.8399,International Telecommunication Union (ITU)
Côte d’Ivoire,2018,46.8237,International Telecommunication Union (ITU)
Croatia,2000,6.6449,International Telecommunication Union (ITU)
Croatia,2005,33.14,International Telecommunication Union (ITU)
Croatia,2010,56.55,International Telecommunication Union (ITU)
Croatia,2015,69.8031,International Telecommunication Union (ITU)
Croatia,2016,72.6973,International Telecommunication Union (ITU)
Croatia,2017,67.0962,International Telecommunication Union (ITU)
Croatia,2018,75.2946,International Telecommunication Union (ITU)
Cuba,2000,0.5412,International Telecommunication Union (ITU)
Cuba,2005,9.7381,International Telecommunication Union (ITU)
Cuba,2010,15.9,International Telecommunication Union (ITU)
Cuba,2015,37.3051,International Telecommunication Union (ITU)
Cuba,2016,42.9787,International Telecommunication Union (ITU)
Cuba,2017,57.1484,International Telecommunication Union (ITU)
Curaçao,2016,61.8555,International Telecommunication Union (ITU)
Curaçao,2017,68.1272,International Telecommunication Union (ITU)
Cyprus,2000,15.2554,International Telecommunication Union (ITU)
Cyprus,2005,32.81,International Telecommunication Union (ITU)
Cyprus,2010,52.99,International Telecommunication Union (ITU)
Cyprus,2015,71.7159,International Telecommunication Union (ITU)
Cyprus,2016,75.9002,International Telecommunication Union (ITU)
Cyprus,2017,80.7432,International Telecommunication Union (ITU)
Cyprus,2018,84.4336,International Telecommunication Union (ITU)
Czechia,2000,9.7805,International Telecommunication Union (ITU)
Czechia,2005,35.27,International Telecommunication Union (ITU)
Czechia,2010,68.82,International Telecommunication Union (ITU)
Czechia,2015,75.6688,International Telecommunication Union (ITU)
Czechia,2016,76.4812,International Telecommunication Union (ITU)
Czechia,2017,78.7192,International Telecommunication Union (ITU)
Czechia,2018,80.6882,International Telecommunication Union (ITU)
Dem. People's Rep. Korea,2000,0,International Telecommunication Union (ITU)
Dem. People's Rep. Korea,2005,0,International Telecommunication Union (ITU)
Dem. People's Rep. Korea,2010,0,International Telecommunication Union (ITU)
Dem. Rep. of the Congo,2000,0.0059,International Telecommunication Union (ITU)
Dem. Rep. of the Congo,2005,0.238,International Telecommunication Union (ITU)
Dem. Rep. of the Congo,2010,0.72,International Telecommunication Union (ITU)
Dem. Rep. of the Congo,2015,3.8,International Telecommunication Union (ITU)
Dem. Rep. of the Congo,2016,6.21,International Telecommunication Union (ITU)
Dem. Rep. of the Congo,2017,8.6199,International Telecommunication Union (ITU)
Denmark,2000,39.1724,International Telecommunication Union (ITU)
Denmark,2005,82.74,International Telecommunication Union (ITU)
Denmark,2010,88.72,International Telecommunication Union (ITU)
Denmark,2015,96.3305,International Telecommunication Union (ITU)
Denmark,2016,96.9678,International Telecommunication Union (ITU)
Denmark,2017,97.0994,International Telecommunication Union (ITU)
Denmark,2018,97.3192,International Telecommunication Union (ITU)
Djibouti,2000,0.1945,International Telecommunication Union (ITU)
Djibouti,2005,0.9536,International Telecommunication Union (ITU)
Djibouti,2010,6.5,International Telecommunication Union (ITU)
Djibouti,2015,11.9224,International Telecommunication Union (ITU)
Djibouti,2016,13.1349,International Telecommunication Union (ITU)
Djibouti,2017,55.6814,International Telecommunication Union (ITU)
Dominica,2000,8.8148,International Telecommunication Union (ITU)
Dominica,2005,38.5436,International Telecommunication Union (ITU)
Dominica,2010,47.45,International Telecommunication Union (ITU)
Dominica,2015,65,International Telecommunication Union (ITU)
Dominica,2016,67.03,International Telecommunication Union (ITU)
Dominica,2017,69.6197,International Telecommunication Union (ITU)
Dominican Republic,2000,3.7047,International Telecommunication Union (ITU)
Dominican Republic,2005,11.4832,International Telecommunication Union (ITU)
Dominican Republic,2010,31.4,International Telecommunication Union (ITU)
Dominican Republic,2015,54.2158,International Telecommunication Union (ITU)
Dominican Republic,2016,63.8709,International Telecommunication Union (ITU)
Dominican Republic,2017,67.5712,International Telecommunication Union (ITU)
Dominican Republic,2018,74.8243,International Telecommunication Union (ITU)
Ecuador,2000,1.4622,International Telecommunication Union (ITU)
Ecuador,2005,5.9943,International Telecommunication Union (ITU)
Ecuador,2010,29.03,International Telecommunication Union (ITU)
Ecuador,2015,48.9404,International Telecommunication Union (ITU)
Ecuador,2016,54.0629,International Telecommunication Union (ITU)
Ecuador,2017,57.2722,International Telecommunication Union (ITU)
Egypt,2000,0.6413,International Telecommunication Union (ITU)
Egypt,2005,12.75,International Telecommunication Union (ITU)
Egypt,2010,21.6,International Telecommunication Union (ITU)
Egypt,2015,37.8194,International Telecommunication Union (ITU)
Egypt,2016,41.2481,International Telecommunication Union (ITU)
Egypt,2017,44.9502,International Telecommunication Union (ITU)
Egypt,2018,46.9243,International Telecommunication Union (ITU)
El Salvador,2000,1.1774,International Telecommunication Union (ITU)
El Salvador,2005,4.2,International Telecommunication Union (ITU)
El Salvador,2010,15.9,International Telecommunication Union (ITU)
El Salvador,2015,26.8026,International Telecommunication Union (ITU)
El Salvador,2016,28.9971,International Telecommunication Union (ITU)
El Salvador,2017,33.8207,International Telecommunication Union (ITU)
Equatorial Guinea,2000,0.1324,International Telecommunication Union (ITU)
Equatorial Guinea,2005,1.1498,International Telecommunication Union (ITU)
Equatorial Guinea,2010,6,International Telecommunication Union (ITU)
Equatorial Guinea,2015,21.32,International Telecommunication Union (ITU)
Equatorial Guinea,2016,23.78,International Telecommunication Union (ITU)
Equatorial Guinea,2017,26.24,International Telecommunication Union (ITU)
Eritrea,2000,0.1367,International Telecommunication Union (ITU)
Eritrea,2010,0.61,International Telecommunication Union (ITU)
Eritrea,2015,1.0837,International Telecommunication Union (ITU)
Eritrea,2016,1.1771,International Telecommunication Union (ITU)
Eritrea,2017,1.3089,International Telecommunication Union (ITU)
Estonia,2000,28.577,International Telecommunication Union (ITU)
Estonia,2005,61.45,International Telecommunication Union (ITU)
Estonia,2010,74.1,International Telecommunication Union (ITU)
Estonia,2015,88.4097,International Telecommunication Union (ITU)
Estonia,2016,87.2402,International Telecommunication Union (ITU)
Estonia,2017,88.1025,International Telecommunication Union (ITU)
Estonia,2018,89.357,International Telecommunication Union (ITU)
Eswatini,2000,0.9262,International Telecommunication Union (ITU)
Eswatini,2005,3.697,International Telecommunication Union (ITU)
Eswatini,2010,11.04,International Telecommunication Union (ITU)
Eswatini,2015,25.643,International Telecommunication Union (ITU)
Eswatini,2016,28.5735,International Telecommunication Union (ITU)
Eswatini,2017,47,International Telecommunication Union (ITU)
Ethiopia,2000,0.0153,International Telecommunication Union (ITU)
Ethiopia,2005,0.2197,International Telecommunication Union (ITU)
Ethiopia,2010,0.75,International Telecommunication Union (ITU)
Ethiopia,2015,13.8552,International Telecommunication Union (ITU)
Ethiopia,2016,15.3669,International Telecommunication Union (ITU)
Ethiopia,2017,18.6181,International Telecommunication Union (ITU)
Falkland Islands (Malvinas),2000,58.6207,International Telecommunication Union (ITU)
Falkland Islands (Malvinas),2005,84.0054,International Telecommunication Union (ITU)
Falkland Islands (Malvinas),2010,95.84,International Telecommunication Union (ITU)
Falkland Islands (Malvinas),2015,98.3051,International Telecommunication Union (ITU)
Falkland Islands (Malvinas),2016,99.0152,International Telecommunication Union (ITU)
Faroe Islands,2000,32.9164,International Telecommunication Union (ITU)
Faroe Islands,2005,67.9026,International Telecommunication Union (ITU)
Faroe Islands,2010,75.2,International Telecommunication Union (ITU)
Faroe Islands,2015,94.2,International Telecommunication Union (ITU)
Faroe Islands,2016,95.1087,International Telecommunication Union (ITU)
Faroe Islands,2017,97.582,International Telecommunication Union (ITU)
Fiji,2000,1.4969,International Telecommunication Union (ITU)
Fiji,2005,8.4536,International Telecommunication Union (ITU)
Fiji,2010,20,International Telecommunication Union (ITU)
Fiji,2015,42.5,International Telecommunication Union (ITU)
Fiji,2016,46.507,International Telecommunication Union (ITU)
Fiji,2017,49.9664,International Telecommunication Union (ITU)
Finland,2000,37.2485,International Telecommunication Union (ITU)
Finland,2005,74.48,International Telecommunication Union (ITU)
Finland,2010,86.89,International Telecommunication Union (ITU)
Finland,2015,86.4221,International Telecommunication Union (ITU)
Finland,2016,87.7036,International Telecommunication Union (ITU)
Finland,2017,87.4689,International Telecommunication Union (ITU)
Finland,2018,88.89,International Telecommunication Union (ITU)
France,2000,14.3079,International Telecommunication Union (ITU)
France,2005,42.87,International Telecommunication Union (ITU)
France,2010,77.28,International Telecommunication Union (ITU)
France,2015,78.01,International Telecommunication Union (ITU)
France,2016,79.2698,International Telecommunication Union (ITU)
France,2017,80.5025,International Telecommunication Union (ITU)
France,2018,82.0432,International Telecommunication Union (ITU)
French Polynesia,2000,6.3571,International Telecommunication Union (ITU)
French Polynesia,2005,21.5422,International Telecommunication Union (ITU)
French Polynesia,2010,49,International Telecommunication Union (ITU)
French Polynesia,2015,64.5602,International Telecommunication Union (ITU)
French Polynesia,2016,68.4404,International Telecommunication Union (ITU)
French Polynesia,2017,72.7039,International Telecommunication Union (ITU)
Gabon,2000,1.2161,International Telecommunication Union (ITU)
Gabon,2005,4.8933,International Telecommunication Union (ITU)
Gabon,2010,13,International Telecommunication Union (ITU)
Gabon,2015,45.7845,International Telecommunication Union (ITU)
Gabon,2016,48.0523,International Telecommunication Union (ITU)
Gabon,2017,62,International Telecommunication Union (ITU)
Gambia,2000,0.9218,International Telecommunication Union (ITU)
Gambia,2005,3.799,International Telecommunication Union (ITU)
Gambia,2010,9.2,International Telecommunication Union (ITU)
Gambia,2015,16.5,International Telecommunication Union (ITU)
Gambia,2016,18.5,International Telecommunication Union (ITU)
Gambia,2017,19.8365,International Telecommunication Union (ITU)
Georgia,2000,0.4847,International Telecommunication Union (ITU)
Georgia,2005,6.0795,International Telecommunication Union (ITU)
Georgia,2010,26.9,International Telecommunication Union (ITU)
Georgia,2015,47.5698,International Telecommunication Union (ITU)
Georgia,2016,58.4593,International Telecommunication Union (ITU)
Georgia,2017,59.7055,International Telecommunication Union (ITU)
Georgia,2018,62.7179,International Telecommunication Union (ITU)
Germany,2000,30.2163,International Telecommunication Union (ITU)
Germany,2005,68.71,International Telecommunication Union (ITU)
Germany,2010,82,International Telecommunication Union (ITU)
Germany,2015,87.5898,International Telecommunication Union (ITU)
Germany,2016,84.1652,International Telecommunication Union (ITU)
Germany,2017,84.3955,International Telecommunication Union (ITU)
Germany,2018,89.7391,International Telecommunication Union (ITU)
Ghana,2000,0.1536,International Telecommunication Union (ITU)
Ghana,2005,1.8312,International Telecommunication Union (ITU)
Ghana,2010,7.8,International Telecommunication Union (ITU)
Ghana,2015,25,International Telecommunication Union (ITU)
Ghana,2016,34.666,International Telecommunication Union (ITU)
Ghana,2017,39,International Telecommunication Union (ITU)
Gibraltar,2000,19.1316,International Telecommunication Union (ITU)
Gibraltar,2005,39.0701,International Telecommunication Union (ITU)
Gibraltar,2010,65,International Telecommunication Union (ITU)
Gibraltar,2016,94.4445,International Telecommunication Union (ITU)
Greece,2000,9.1388,International Telecommunication Union (ITU)
Greece,2005,24,International Telecommunication Union (ITU)
Greece,2010,44.4,International Telecommunication Union (ITU)
Greece,2015,66.835,International Telecommunication Union (ITU)
Greece,2016,69.0879,International Telecommunication Union (ITU)
Greece,2017,70.5494,International Telecommunication Union (ITU)
Greece,2018,72.9521,International Telecommunication Union (ITU)
Greenland,2000,31.7478,International Telecommunication Union (ITU)
Greenland,2005,57.7034,International Telecommunication Union (ITU)
Greenland,2010,63,International Telecommunication Union (ITU)
Greenland,2015,67.6004,International Telecommunication Union (ITU)
Greenland,2016,68.5009,International Telecommunication Union (ITU)
Greenland,2017,69.4825,International Telecommunication Union (ITU)
Grenada,2000,4.0639,International Telecommunication Union (ITU)
Grenada,2005,20.4878,International Telecommunication Union (ITU)
Grenada,2010,27,International Telecommunication Union (ITU)
Grenada,2015,53.81,International Telecommunication Union (ITU)
Grenada,2016,55.8564,International Telecommunication Union (ITU)
Grenada,2017,59.0717,International Telecommunication Union (ITU)
Guam,2000,16.1131,International Telecommunication Union (ITU)
Guam,2005,38.5599,International Telecommunication Union (ITU)
Guam,2010,54.04,International Telecommunication Union (ITU)
Guam,2015,73.14,International Telecommunication Union (ITU)
Guam,2016,77.01,International Telecommunication Union (ITU)
Guam,2017,80.5055,International Telecommunication Union (ITU)
Guatemala,2000,0.7123,International Telecommunication Union (ITU)
Guatemala,2005,5.7,International Telecommunication Union (ITU)
Guatemala,2010,10.5,International Telecommunication Union (ITU)
Guatemala,2015,28.8059,International Telecommunication Union (ITU)
Guatemala,2016,34.5093,International Telecommunication Union (ITU)
Guatemala,2017,65,International Telecommunication Union (ITU)
Guernsey,2000,31.8979,International Telecommunication Union (ITU)
Guernsey,2005,73.571,International Telecommunication Union (ITU)
Guinea,2000,0.0954,International Telecommunication Union (ITU)
Guinea,2005,0.5423,International Telecommunication Union (ITU)
Guinea,2010,1,International Telecommunication Union (ITU)
Guinea,2015,8.2,International Telecommunication Union (ITU)
Guinea,2016,9.8,International Telecommunication Union (ITU)
Guinea,2017,18,International Telecommunication Union (ITU)
Guinea-Bissau,2000,0.2301,International Telecommunication Union (ITU)
Guinea-Bissau,2005,1.9014,International Telecommunication Union (ITU)
Guinea-Bissau,2010,2.45,International Telecommunication Union (ITU)
Guinea-Bissau,2015,3.5407,International Telecommunication Union (ITU)
Guinea-Bissau,2016,3.7614,International Telecommunication Union (ITU)
Guinea-Bissau,2017,3.9305,International Telecommunication Union (ITU)
Guyana,2000,6.6115,International Telecommunication Union (ITU)
Guyana,2010,29.9,International Telecommunication Union (ITU)
Guyana,2015,34,International Telecommunication Union (ITU)
Guyana,2016,35.66,International Telecommunication Union (ITU)
Guyana,2017,37.3258,International Telecommunication Union (ITU)
Haiti,2000,0.2313,International Telecommunication Union (ITU)
Haiti,2005,6.3762,International Telecommunication Union (ITU)
Haiti,2010,8.37,International Telecommunication Union (ITU)
Haiti,2015,12.1977,International Telecommunication Union (ITU)
Haiti,2016,12.2326,International Telecommunication Union (ITU)
Haiti,2017,12.3261,International Telecommunication Union (ITU)
Haiti,2018,32.4736,International Telecommunication Union (ITU)
Honduras,2000,1.2039,International Telecommunication Union (ITU)
Honduras,2005,6.5,International Telecommunication Union (ITU)
Honduras,2010,11.09,International Telecommunication Union (ITU)
Honduras,2015,27.1,International Telecommunication Union (ITU)
Honduras,2016,29.5,International Telecommunication Union (ITU)
Honduras,2017,31.7,International Telecommunication Union (ITU)
Hungary,2000,6.9997,International Telecommunication Union (ITU)
Hungary,2005,38.97,International Telecommunication Union (ITU)
Hungary,2010,65,International Telecommunication Union (ITU)
Hungary,2015,72.8347,International Telecommunication Union (ITU)
Hungary,2016,79.2594,International Telecommunication Union (ITU)
Hungary,2017,76.7505,International Telecommunication Union (ITU)
Hungary,2018,76.0744,International Telecommunication Union (ITU)
Iceland,2000,44.4705,International Telecommunication Union (ITU)
Iceland,2005,87,International Telecommunication Union (ITU)
Iceland,2010,93.39,International Telecommunication Union (ITU)
Iceland,2015,98.2,International Telecommunication Union (ITU)
Iceland,2016,98.24,International Telecommunication Union (ITU)
Iceland,2017,98.26,International Telecommunication Union (ITU)
Iceland,2018,99.011,International Telecommunication Union (ITU)
India,2000,0.5275,International Telecommunication Union (ITU)
India,2005,2.3881,International Telecommunication Union (ITU)
India,2010,7.5,International Telecommunication Union (ITU)
India,2015,17,International Telecommunication Union (ITU)
India,2016,22,International Telecommunication Union (ITU)
India,2017,34.45,International Telecommunication Union (ITU)
Indonesia,2000,0.9256,International Telecommunication Union (ITU)
Indonesia,2005,3.602,International Telecommunication Union (ITU)
Indonesia,2010,10.92,International Telecommunication Union (ITU)
Indonesia,2015,21.9761,International Telecommunication Union (ITU)
Indonesia,2016,25.4474,International Telecommunication Union (ITU)
Indonesia,2017,32.2924,International Telecommunication Union (ITU)
Indonesia,2018,39.9046,International Telecommunication Union (ITU)
Iran (Islamic Republic of),2000,0.9342,International Telecommunication Union (ITU)
Iran (Islamic Republic of),2005,8.1,International Telecommunication Union (ITU)
Iran (Islamic Republic of),2010,15.9,International Telecommunication Union (ITU)
Iran (Islamic Republic of),2015,45.335,International Telecommunication Union (ITU)
Iran (Islamic Republic of),2016,53.2268,International Telecommunication Union (ITU)
Iran (Islamic Republic of),2017,64.044,International Telecommunication Union (ITU)
Iran (Islamic Republic of),2018,70.0046,International Telecommunication Union (ITU)
Iraq,2005,0.9,International Telecommunication Union (ITU)
Iraq,2010,2.5,International Telecommunication Union (ITU)
Iraq,2015,58,International Telecommunication Union (ITU)
Iraq,2016,21.23,International Telecommunication Union (ITU)
Iraq,2017,49.36,International Telecommunication Union (ITU)
Iraq,2018,75,International Telecommunication Union (ITU)
Ireland,2000,17.8505,International Telecommunication Union (ITU)
Ireland,2005,41.61,International Telecommunication Union (ITU)
Ireland,2010,69.85,International Telecommunication Union (ITU)
Ireland,2015,83.4948,International Telecommunication Union (ITU)
Ireland,2016,85.0111,International Telecommunication Union (ITU)
Ireland,2017,84.114,International Telecommunication Union (ITU)
Ireland,2018,84.5223,International Telecommunication Union (ITU)
Israel,2000,20.8738,International Telecommunication Union (ITU)
Israel,2005,25.194,International Telecommunication Union (ITU)
Israel,2010,67.5,International Telecommunication Union (ITU)
Israel,2015,77.3521,International Telecommunication Union (ITU)
Israel,2016,79.6531,International Telecommunication Union (ITU)
Israel,2017,81.5812,International Telecommunication Union (ITU)
Israel,2018,83.7331,International Telecommunication Union (ITU)
Italy,2000,23.1109,International Telecommunication Union (ITU)
Italy,2005,35,International Telecommunication Union (ITU)
Italy,2010,53.68,International Telecommunication Union (ITU)
Italy,2015,58.1417,International Telecommunication Union (ITU)
Italy,2016,61.3243,International Telecommunication Union (ITU)
Italy,2017,63.0773,International Telecommunication Union (ITU)
Italy,2018,74.3872,International Telecommunication Union (ITU)
Jamaica,2000,3.1158,International Telecommunication Union (ITU)
Jamaica,2005,12.8,International Telecommunication Union (ITU)
Jamaica,2010,27.67,International Telecommunication Union (ITU)
Jamaica,2015,42.2212,International Telecommunication Union (ITU)
Jamaica,2016,44.3669,International Telecommunication Union (ITU)
Jamaica,2017,55.0721,International Telecommunication Union (ITU)
Japan,2000,29.9907,International Telecommunication Union (ITU)
Japan,2005,66.9211,International Telecommunication Union (ITU)
Japan,2010,78.21,International Telecommunication Union (ITU)
Japan,2015,91.058,International Telecommunication Union (ITU)
Japan,2016,93.1827,International Telecommunication Union (ITU)
Japan,2017,84.5881,International Telecommunication Union (ITU)
Japan,2018,91.2816,International Telecommunication Union (ITU)
Jersey,2000,9.2187,International Telecommunication Union (ITU)
Jersey,2005,31.25,International Telecommunication Union (ITU)
Jordan,2000,2.6233,International Telecommunication Union (ITU)
Jordan,2005,12.9329,International Telecommunication Union (ITU)
Jordan,2010,27.2,International Telecommunication Union (ITU)
Jordan,2015,60.1144,International Telecommunication Union (ITU)
Jordan,2016,62.3022,International Telecommunication Union (ITU)
Jordan,2017,66.7903,International Telecommunication Union (ITU)
Kazakhstan,2000,0.6686,International Telecommunication Union (ITU)
Kazakhstan,2005,2.9617,International Telecommunication Union (ITU)
Kazakhstan,2010,31.6,International Telecommunication Union (ITU)
Kazakhstan,2015,70.8299,International Telecommunication Union (ITU)
Kazakhstan,2016,74.5877,International Telecommunication Union (ITU)
Kazakhstan,2017,76.4267,International Telecommunication Union (ITU)
Kazakhstan,2018,78.9039,International Telecommunication Union (ITU)
Kenya,2000,0.3181,International Telecommunication Union (ITU)
Kenya,2005,3.1019,International Telecommunication Union (ITU)
Kenya,2010,7.2,International Telecommunication Union (ITU)
Kenya,2015,16.5879,International Telecommunication Union (ITU)
Kenya,2016,16.6,International Telecommunication Union (ITU)
Kenya,2017,17.8271,International Telecommunication Union (ITU)
Kiribati,2000,1.7852,International Telecommunication Union (ITU)
Kiribati,2005,4,International Telecommunication Union (ITU)
Kiribati,2010,9.07,International Telecommunication Union (ITU)
Kiribati,2015,12.9975,International Telecommunication Union (ITU)
Kiribati,2016,13.7,International Telecommunication Union (ITU)
Kiribati,2017,14.5818,International Telecommunication Union (ITU)
Kuwait,2000,6.7314,International Telecommunication Union (ITU)
Kuwait,2005,25.9261,International Telecommunication Union (ITU)
Kuwait,2010,61.4,International Telecommunication Union (ITU)
Kuwait,2015,72,International Telecommunication Union (ITU)
Kuwait,2016,78.3674,International Telecommunication Union (ITU)
Kuwait,2017,100,International Telecommunication Union (ITU)
Kuwait,2018,99.5988,International Telecommunication Union (ITU)
Kyrgyzstan,2000,1.0414,International Telecommunication Union (ITU)
Kyrgyzstan,2005,10.5338,International Telecommunication Union (ITU)
Kyrgyzstan,2010,16.3,International Telecommunication Union (ITU)
Kyrgyzstan,2015,30.247,International Telecommunication Union (ITU)
Kyrgyzstan,2016,37,International Telecommunication Union (ITU)
Kyrgyzstan,2017,38,International Telecommunication Union (ITU)
Lao People's Dem. Rep.,2000,0.111,International Telecommunication Union (ITU)
Lao People's Dem. Rep.,2005,0.8504,International Telecommunication Union (ITU)
Lao People's Dem. Rep.,2010,7,International Telecommunication Union (ITU)
Lao People's Dem. Rep.,2015,18.2,International Telecommunication Union (ITU)
Lao People's Dem. Rep.,2016,21.87,International Telecommunication Union (ITU)
Lao People's Dem. Rep.,2017,25.5104,International Telecommunication Union (ITU)
Latvia,2000,6.3191,International Telecommunication Union (ITU)
Latvia,2005,46,International Telecommunication Union (ITU)
Latvia,2010,68.42,International Telecommunication Union (ITU)
Latvia,2015,79.2006,International Telecommunication Union (ITU)
Latvia,2016,79.8421,International Telecommunication Union (ITU)
Latvia,2017,80.1141,International Telecommunication Union (ITU)
Latvia,2018,83.5772,International Telecommunication Union (ITU)
Lebanon,2000,7.9527,International Telecommunication Union (ITU)
Lebanon,2005,10.14,International Telecommunication Union (ITU)
Lebanon,2010,43.68,International Telecommunication Union (ITU)
Lebanon,2015,74,International Telecommunication Union (ITU)
Lebanon,2016,76.11,International Telecommunication Union (ITU)
Lebanon,2017,78.1808,International Telecommunication Union (ITU)
Lesotho,2000,0.2118,International Telecommunication Union (ITU)
Lesotho,2005,2.5802,International Telecommunication Union (ITU)
Lesotho,2010,3.86,International Telecommunication Union (ITU)
Lesotho,2015,25,International Telecommunication Union (ITU)
Lesotho,2016,27.36,International Telecommunication Union (ITU)
Lesotho,2017,29,International Telecommunication Union (ITU)
Liberia,2000,0.0177,International Telecommunication Union (ITU)
Liberia,2010,2.3,International Telecommunication Union (ITU)
Liberia,2015,33,International Telecommunication Union (ITU)
Liberia,2016,7.3191,International Telecommunication Union (ITU)
Liberia,2017,7.9845,International Telecommunication Union (ITU)
Libya,2000,0.187,International Telecommunication Union (ITU)
Libya,2005,3.9178,International Telecommunication Union (ITU)
Libya,2010,14,International Telecommunication Union (ITU)
Libya,2015,19.0161,International Telecommunication Union (ITU)
Libya,2016,20.2722,International Telecommunication Union (ITU)
Libya,2017,21.7589,International Telecommunication Union (ITU)
Liechtenstein,2000,36.5152,International Telecommunication Union (ITU)
Liechtenstein,2005,63.3714,International Telecommunication Union (ITU)
Liechtenstein,2010,80,International Telecommunication Union (ITU)
Liechtenstein,2015,96.6412,International Telecommunication Union (ITU)
Liechtenstein,2016,98.0939,International Telecommunication Union (ITU)
Liechtenstein,2017,98.1,International Telecommunication Union (ITU)
Lithuania,2000,6.4271,International Telecommunication Union (ITU)
Lithuania,2005,36.22,International Telecommunication Union (ITU)
Lithuania,2010,62.12,International Telecommunication Union (ITU)
Lithuania,2015,71.378,International Telecommunication Union (ITU)
Lithuania,2016,74.3766,International Telecommunication Union (ITU)
Lithuania,2017,77.6153,International Telecommunication Union (ITU)
Lithuania,2018,79.7226,International Telecommunication Union (ITU)
Luxembourg,2000,22.8873,International Telecommunication Union (ITU)
Luxembourg,2005,70,International Telecommunication Union (ITU)
Luxembourg,2010,90.62,International Telecommunication Union (ITU)
Luxembourg,2015,96.38,International Telecommunication Union (ITU)
Luxembourg,2016,98.1367,International Telecommunication Union (ITU)
Luxembourg,2017,97.363,International Telecommunication Union (ITU)
Luxembourg,2018,97.0613,International Telecommunication Union (ITU)
Madagascar,2000,0.1964,International Telecommunication Union (ITU)
Madagascar,2005,0.5677,International Telecommunication Union (ITU)
Madagascar,2010,1.7,International Telecommunication Union (ITU)
Madagascar,2015,4.174,International Telecommunication Union (ITU)
Madagascar,2016,4.7137,International Telecommunication Union (ITU)
Madagascar,2017,9.8,International Telecommunication Union (ITU)
Malawi,2000,0.1268,International Telecommunication Union (ITU)
Malawi,2005,0.3845,International Telecommunication Union (ITU)
Malawi,2010,2.26,International Telecommunication Union (ITU)
Malawi,2015,5.3,International Telecommunication Union (ITU)
Malawi,2016,11.47,International Telecommunication Union (ITU)
Malawi,2017,13.7822,International Telecommunication Union (ITU)
Malaysia,2000,21.3847,International Telecommunication Union (ITU)
Malaysia,2005,48.6292,International Telecommunication Union (ITU)
Malaysia,2010,56.3,International Telecommunication Union (ITU)
Malaysia,2015,71.0641,International Telecommunication Union (ITU)
Malaysia,2016,78.7883,International Telecommunication Union (ITU)
Malaysia,2017,80.1405,International Telecommunication Union (ITU)
Malaysia,2018,81.201,International Telecommunication Union (ITU)
Maldives,2000,2.2039,International Telecommunication Union (ITU)
Maldives,2005,6.8696,International Telecommunication Union (ITU)
Maldives,2010,26.53,International Telecommunication Union (ITU)
Maldives,2015,54.462,International Telecommunication Union (ITU)
Maldives,2016,59.0926,International Telecommunication Union (ITU)
Maldives,2017,63.1857,International Telecommunication Union (ITU)
Mali,2000,0.1425,International Telecommunication Union (ITU)
Mali,2005,0.5071,International Telecommunication Union (ITU)
Mali,2010,2,International Telecommunication Union (ITU)
Mali,2015,10.33,International Telecommunication Union (ITU)
Mali,2016,11.1122,International Telecommunication Union (ITU)
Mali,2017,13,International Telecommunication Union (ITU)
Malta,2000,13.1137,International Telecommunication Union (ITU)
Malta,2005,41.24,International Telecommunication Union (ITU)
Malta,2010,63,International Telecommunication Union (ITU)
Malta,2015,75.96,International Telecommunication Union (ITU)
Malta,2016,78.0751,International Telecommunication Union (ITU)
Malta,2017,81.0119,International Telecommunication Union (ITU)
Malta,2018,81.658,International Telecommunication Union (ITU)
Marshall Islands,2000,1.5343,International Telecommunication Union (ITU)
Marshall Islands,2005,3.8787,International Telecommunication Union (ITU)
Marshall Islands,2010,7,International Telecommunication Union (ITU)
Marshall Islands,2015,19.2824,International Telecommunication Union (ITU)
Marshall Islands,2016,29.7878,International Telecommunication Union (ITU)
Marshall Islands,2017,38.7012,International Telecommunication Union (ITU)
Mauritania,2000,0.192,International Telecommunication Union (ITU)
Mauritania,2005,0.67,International Telecommunication Union (ITU)
Mauritania,2010,4,International Telecommunication Union (ITU)
Mauritania,2015,15.1991,International Telecommunication Union (ITU)
Mauritania,2016,18,International Telecommunication Union (ITU)
Mauritania,2017,20.801,International Telecommunication Union (ITU)
Mauritius,2000,7.2815,International Telecommunication Union (ITU)
Mauritius,2005,15.1722,International Telecommunication Union (ITU)
Mauritius,2010,28.33,International Telecommunication Union (ITU)
Mauritius,2015,50.1393,International Telecommunication Union (ITU)
Mauritius,2016,52.1913,International Telecommunication Union (ITU)
Mauritius,2017,55.4032,International Telecommunication Union (ITU)
Mauritius,2018,58.5962,International Telecommunication Union (ITU)
Mayotte,2000,1.2115,International Telecommunication Union (ITU)
Mexico,2000,5.0814,International Telecommunication Union (ITU)
Mexico,2005,17.21,International Telecommunication Union (ITU)
Mexico,2010,31.05,International Telecommunication Union (ITU)
Mexico,2015,57.431,International Telecommunication Union (ITU)
Mexico,2016,59.5404,International Telecommunication Union (ITU)
Mexico,2017,63.8522,International Telecommunication Union (ITU)
Mexico,2018,65.7726,International Telecommunication Union (ITU)
Micronesia (Fed. States of),2000,3.7349,International Telecommunication Union (ITU)
Micronesia (Fed. States of),2005,11.8814,International Telecommunication Union (ITU)
Micronesia (Fed. States of),2010,20,International Telecommunication Union (ITU)
Micronesia (Fed. States of),2015,31.5011,International Telecommunication Union (ITU)
Micronesia (Fed. States of),2016,33.3522,International Telecommunication Union (ITU)
Micronesia (Fed. States of),2017,35.3041,International Telecommunication Union (ITU)
Monaco,2000,42.1849,International Telecommunication Union (ITU)
Monaco,2005,55.4648,International Telecommunication Union (ITU)
Monaco,2010,75,International Telecommunication Union (ITU)
Monaco,2015,93.3633,International Telecommunication Union (ITU)
Monaco,2016,95.2082,International Telecommunication Union (ITU)
Monaco,2017,97.053,International Telecommunication Union (ITU)
Mongolia,2000,1.2557,International Telecommunication Union (ITU)
Mongolia,2010,10.2,International Telecommunication Union (ITU)
Mongolia,2015,22.5,International Telecommunication Union (ITU)
Mongolia,2016,22.2658,International Telecommunication Union (ITU)
Mongolia,2017,23.7143,International Telecommunication Union (ITU)
Mongolia,2018,47.1609,International Telecommunication Union (ITU)
Montenegro,2005,27.1,International Telecommunication Union (ITU)
Montenegro,2010,37.5,International Telecommunication Union (ITU)
Montenegro,2015,68.1196,International Telecommunication Union (ITU)
Montenegro,2016,69.8816,International Telecommunication Union (ITU)
Montenegro,2017,71.2723,International Telecommunication Union (ITU)
Montenegro,2018,71.5171,International Telecommunication Union (ITU)
Montserrat,2010,35,International Telecommunication Union (ITU)
Morocco,2000,0.6938,International Telecommunication Union (ITU)
Morocco,2005,15.0844,International Telecommunication Union (ITU)
Morocco,2010,52,International Telecommunication Union (ITU)
Morocco,2015,57.08,International Telecommunication Union (ITU)
Morocco,2016,58.2712,International Telecommunication Union (ITU)
Morocco,2017,61.7622,International Telecommunication Union (ITU)
Morocco,2018,64.8039,International Telecommunication Union (ITU)
Mozambique,2000,0.1096,International Telecommunication Union (ITU)
Mozambique,2005,0.8544,International Telecommunication Union (ITU)
Mozambique,2010,4.17,International Telecommunication Union (ITU)
Mozambique,2015,16.9335,International Telecommunication Union (ITU)
Mozambique,2016,17.5212,International Telecommunication Union (ITU)
Mozambique,2017,10,International Telecommunication Union (ITU)
Myanmar,2005,0.0652,International Telecommunication Union (ITU)
Myanmar,2010,0.25,International Telecommunication Union (ITU)
Myanmar,2015,21.7258,International Telecommunication Union (ITU)
Myanmar,2016,25.0733,International Telecommunication Union (ITU)
Myanmar,2017,30.6782,International Telecommunication Union (ITU)
Namibia,2000,1.6447,International Telecommunication Union (ITU)
Namibia,2005,4.01,International Telecommunication Union (ITU)
Namibia,2010,11.6,International Telecommunication Union (ITU)
Namibia,2015,25.6879,International Telecommunication Union (ITU)
Namibia,2016,31.0333,International Telecommunication Union (ITU)
Namibia,2017,51,International Telecommunication Union (ITU)
Nauru,2017,57,International Telecommunication Union (ITU)
Nepal,2000,0.2047,International Telecommunication Union (ITU)
Nepal,2005,0.8266,International Telecommunication Union (ITU)
Nepal,2010,7.93,International Telecommunication Union (ITU)
Nepal,2015,17.5816,International Telecommunication Union (ITU)
Nepal,2016,19.6888,International Telecommunication Union (ITU)
Nepal,2017,34,International Telecommunication Union (ITU)
Netherlands,2000,43.9844,International Telecommunication Union (ITU)
Netherlands,2005,81,International Telecommunication Union (ITU)
Netherlands,2010,90.72,International Telecommunication Union (ITU)
Netherlands,2015,91.7241,International Telecommunication Union (ITU)
Netherlands,2016,90.411,International Telecommunication Union (ITU)
Netherlands,2017,93.1973,International Telecommunication Union (ITU)
Netherlands,2018,94.7121,International Telecommunication Union (ITU)
New Caledonia,2000,13.9395,International Telecommunication Union (ITU)
New Caledonia,2005,32.359,International Telecommunication Union (ITU)
New Caledonia,2010,42,International Telecommunication Union (ITU)
New Caledonia,2015,74.0018,International Telecommunication Union (ITU)
New Caledonia,2017,82.0058,International Telecommunication Union (ITU)
New Zealand,2000,47.3796,International Telecommunication Union (ITU)
New Zealand,2005,62.7202,International Telecommunication Union (ITU)
New Zealand,2010,80.46,International Telecommunication Union (ITU)
New Zealand,2015,88.2229,International Telecommunication Union (ITU)
New Zealand,2016,88.4702,International Telecommunication Union (ITU)
New Zealand,2017,90.8111,International Telecommunication Union (ITU)
Nicaragua,2000,0.9802,International Telecommunication Union (ITU)
Nicaragua,2005,2.5664,International Telecommunication Union (ITU)
Nicaragua,2010,10,International Telecommunication Union (ITU)
Nicaragua,2015,19.7043,International Telecommunication Union (ITU)
Nicaragua,2016,24.5718,International Telecommunication Union (ITU)
Nicaragua,2017,27.863,International Telecommunication Union (ITU)
Niger,2000,0.0363,International Telecommunication Union (ITU)
Niger,2005,0.2213,International Telecommunication Union (ITU)
Niger,2010,0.83,International Telecommunication Union (ITU)
Niger,2015,2.4762,International Telecommunication Union (ITU)
Niger,2016,4.3228,International Telecommunication Union (ITU)
Niger,2017,10.2243,International Telecommunication Union (ITU)
Niger,2018,5.2505,International Telecommunication Union (ITU)
Nigeria,2000,0.0641,International Telecommunication Union (ITU)
Nigeria,2005,3.5492,International Telecommunication Union (ITU)
Nigeria,2010,11.5,International Telecommunication Union (ITU)
Nigeria,2015,36,International Telecommunication Union (ITU)
Nigeria,2016,25.67,International Telecommunication Union (ITU)
Nigeria,2017,42,International Telecommunication Union (ITU)
Niue,2000,26.5111,International Telecommunication Union (ITU)
Niue,2005,51.7032,International Telecommunication Union (ITU)
Niue,2010,76.97,International Telecommunication Union (ITU)
North Macedonia,2000,2.4856,International Telecommunication Union (ITU)
North Macedonia,2005,26.45,International Telecommunication Union (ITU)
North Macedonia,2010,51.9,International Telecommunication Union (ITU)
North Macedonia,2015,70.3802,International Telecommunication Union (ITU)
North Macedonia,2016,72.1568,International Telecommunication Union (ITU)
North Macedonia,2017,74.5168,International Telecommunication Union (ITU)
North Macedonia,2018,79.1678,International Telecommunication Union (ITU)
Norway,2000,52,International Telecommunication Union (ITU)
Norway,2005,81.99,International Telecommunication Union (ITU)
Norway,2010,93.39,International Telecommunication Union (ITU)
Norway,2015,96.8103,International Telecommunication Union (ITU)
Norway,2016,97.2982,International Telecommunication Union (ITU)
Norway,2017,96.3576,International Telecommunication Union (ITU)
Norway,2018,96.4917,International Telecommunication Union (ITU)
Oman,2000,3.5204,International Telecommunication Union (ITU)
Oman,2005,6.6836,International Telecommunication Union (ITU)
Oman,2010,35.8278,International Telecommunication Union (ITU)
Oman,2015,73.53,International Telecommunication Union (ITU)
Oman,2016,76.8454,International Telecommunication Union (ITU)
Oman,2017,80.1856,International Telecommunication Union (ITU)
Other non-specified areas,2000,28.1011,International Telecommunication Union (ITU)
Other non-specified areas,2005,58.0149,International Telecommunication Union (ITU)
Other non-specified areas,2010,71.5,International Telecommunication Union (ITU)
Other non-specified areas,2015,78.0369,International Telecommunication Union (ITU)
Other non-specified areas,2016,79.7452,International Telecommunication Union (ITU)
Other non-specified areas,2017,92.782,International Telecommunication Union (ITU)
Other non-specified areas,2018,86.2058,International Telecommunication Union (ITU)
Pakistan,2005,6.3323,International Telecommunication Union (ITU)
Pakistan,2010,8,International Telecommunication Union (ITU)
Pakistan,2015,14,International Telecommunication Union (ITU)
Pakistan,2016,12.3854,International Telecommunication Union (ITU)
Pakistan,2017,15.51,International Telecommunication Union (ITU)
Panama,2000,6.5548,International Telecommunication Union (ITU)
Panama,2005,11.484,International Telecommunication Union (ITU)
Panama,2010,40.1,International Telecommunication Union (ITU)
Panama,2015,51.2054,International Telecommunication Union (ITU)
Panama,2016,54,International Telecommunication Union (ITU)
Panama,2017,57.8651,International Telecommunication Union (ITU)
Papua New Guinea,2000,0.8352,International Telecommunication Union (ITU)
Papua New Guinea,2005,1.7162,International Telecommunication Union (ITU)
Papua New Guinea,2010,1.28,International Telecommunication Union (ITU)
Papua New Guinea,2015,7.9,International Telecommunication Union (ITU)
Papua New Guinea,2016,9.6015,International Telecommunication Union (ITU)
Papua New Guinea,2017,11.2092,International Telecommunication Union (ITU)
Paraguay,2000,0.7476,International Telecommunication Union (ITU)
Paraguay,2005,7.907,International Telecommunication Union (ITU)
Paraguay,2010,19.8,International Telecommunication Union (ITU)
Paraguay,2015,49.72,International Telecommunication Union (ITU)
Paraguay,2016,53.4041,International Telecommunication Union (ITU)
Paraguay,2017,61.0758,International Telecommunication Union (ITU)
Paraguay,2018,64.9935,International Telecommunication Union (ITU)
Peru,2000,3.0764,International Telecommunication Union (ITU)
Peru,2005,17.1,International Telecommunication Union (ITU)
Peru,2010,34.77,International Telecommunication Union (ITU)
Peru,2015,40.8526,International Telecommunication Union (ITU)
Peru,2016,45.4617,International Telecommunication Union (ITU)
Peru,2017,48.7276,International Telecommunication Union (ITU)
Peru,2018,52.5403,International Telecommunication Union (ITU)
Philippines,2000,1.9823,International Telecommunication Union (ITU)
Philippines,2005,5.3976,International Telecommunication Union (ITU)
Philippines,2010,25,International Telecommunication Union (ITU)
Philippines,2015,36,International Telecommunication Union (ITU)
Philippines,2016,55.5,International Telecommunication Union (ITU)
Philippines,2017,60.0548,International Telecommunication Union (ITU)
Poland,2000,7.2854,International Telecommunication Union (ITU)
Poland,2005,38.81,International Telecommunication Union (ITU)
Poland,2010,62.32,International Telecommunication Union (ITU)
Poland,2015,67.997,International Telecommunication Union (ITU)
Poland,2016,73.3007,International Telecommunication Union (ITU)
Poland,2017,75.9854,International Telecommunication Union (ITU)
Poland,2018,77.5417,International Telecommunication Union (ITU)
Portugal,2000,16.4305,International Telecommunication Union (ITU)
Portugal,2005,34.99,International Telecommunication Union (ITU)
Portugal,2010,53.3,International Telecommunication Union (ITU)
Portugal,2015,68.6329,International Telecommunication Union (ITU)
Portugal,2016,70.4236,International Telecommunication Union (ITU)
Portugal,2017,73.7912,International Telecommunication Union (ITU)
Portugal,2018,74.661,International Telecommunication Union (ITU)
Puerto Rico,2000,10.4746,International Telecommunication Union (ITU)
Puerto Rico,2005,23.4001,International Telecommunication Union (ITU)
Puerto Rico,2010,45.3,International Telecommunication Union (ITU)
Puerto Rico,2015,63.47,International Telecommunication Union (ITU)
Puerto Rico,2016,68.6438,International Telecommunication Union (ITU)
Puerto Rico,2017,70.5979,International Telecommunication Union (ITU)
Qatar,2000,4.8637,International Telecommunication Union (ITU)
Qatar,2005,24.7335,International Telecommunication Union (ITU)
Qatar,2010,69,International Telecommunication Union (ITU)
Qatar,2015,92.8848,International Telecommunication Union (ITU)
Qatar,2016,95.1247,International Telecommunication Union (ITU)
Qatar,2017,97.3888,International Telecommunication Union (ITU)
Qatar,2018,99.6528,International Telecommunication Union (ITU)
Republic of Korea,2000,44.7,International Telecommunication Union (ITU)
Republic of Korea,2005,73.5,International Telecommunication Union (ITU)
Republic of Korea,2010,83.7,International Telecommunication Union (ITU)
Republic of Korea,2015,89.9,International Telecommunication Union (ITU)
Republic of Korea,2016,92.843,International Telecommunication Union (ITU)
Republic of Korea,2017,95.0694,International Telecommunication Union (ITU)
Republic of Korea,2018,96.0229,International Telecommunication Union (ITU)
Republic of Moldova,2000,1.2828,International Telecommunication Union (ITU)
Republic of Moldova,2005,14.6303,International Telecommunication Union (ITU)
Republic of Moldova,2010,32.3,International Telecommunication Union (ITU)
Republic of Moldova,2015,69,International Telecommunication Union (ITU)
Republic of Moldova,2016,71,International Telecommunication Union (ITU)
Republic of Moldova,2017,76.1245,International Telecommunication Union (ITU)
Romania,2000,3.6137,International Telecommunication Union (ITU)
Romania,2005,21.5,International Telecommunication Union (ITU)
Romania,2010,39.93,International Telecommunication Union (ITU)
Romania,2015,55.7632,International Telecommunication Union (ITU)
Romania,2016,59.504,International Telecommunication Union (ITU)
Romania,2017,63.7473,International Telecommunication Union (ITU)
Romania,2018,70.6813,International Telecommunication Union (ITU)
Russian Federation,2000,1.9772,International Telecommunication Union (ITU)
Russian Federation,2005,15.2267,International Telecommunication Union (ITU)
Russian Federation,2010,43,International Telecommunication Union (ITU)
Russian Federation,2015,70.1,International Telecommunication Union (ITU)
Russian Federation,2016,73.0914,International Telecommunication Union (ITU)
Russian Federation,2017,76.0081,International Telecommunication Union (ITU)
Russian Federation,2018,80.8647,International Telecommunication Union (ITU)
Rwanda,2000,0.0628,International Telecommunication Union (ITU)
Rwanda,2005,0.556,International Telecommunication Union (ITU)
Rwanda,2010,8,International Telecommunication Union (ITU)
Rwanda,2015,18,International Telecommunication Union (ITU)
Rwanda,2016,20,International Telecommunication Union (ITU)
Rwanda,2017,21.7676,International Telecommunication Union (ITU)
Saint Helena,2000,5.9218,International Telecommunication Union (ITU)
Saint Helena,2005,15.9101,International Telecommunication Union (ITU)
Saint Helena,2010,24.94,International Telecommunication Union (ITU)
Ascension,2000,34.9379,International Telecommunication Union (ITU)
Ascension,2010,35,International Telecommunication Union (ITU)
Saint Kitts and Nevis,2000,5.8628,International Telecommunication Union (ITU)
Saint Kitts and Nevis,2005,34,International Telecommunication Union (ITU)
Saint Kitts and Nevis,2010,63,International Telecommunication Union (ITU)
Saint Kitts and Nevis,2015,75.7,International Telecommunication Union (ITU)
Saint Kitts and Nevis,2016,76.8177,International Telecommunication Union (ITU)
Saint Kitts and Nevis,2017,80.7102,International Telecommunication Union (ITU)
Saint Lucia,2000,5.0905,International Telecommunication Union (ITU)
Saint Lucia,2005,21.5676,International Telecommunication Union (ITU)
Saint Lucia,2010,32.5,International Telecommunication Union (ITU)
Saint Lucia,2015,42.5309,International Telecommunication Union (ITU)
Saint Lucia,2016,46.7291,International Telecommunication Union (ITU)
Saint Lucia,2017,50.8152,International Telecommunication Union (ITU)
Saint Vincent & Grenadines,2000,3.245,International Telecommunication Union (ITU)
Saint Vincent & Grenadines,2005,9.1983,International Telecommunication Union (ITU)
Saint Vincent & Grenadines,2010,33.7,International Telecommunication Union (ITU)
Saint Vincent & Grenadines,2015,17.1321,International Telecommunication Union (ITU)
Saint Vincent & Grenadines,2016,20.6894,International Telecommunication Union (ITU)
Saint Vincent & Grenadines,2017,22.0043,International Telecommunication Union (ITU)
Saint Vincent & Grenadines,2018,22.3943,International Telecommunication Union (ITU)
Samoa,2000,0.5664,International Telecommunication Union (ITU)
Samoa,2005,3.3526,International Telecommunication Union (ITU)
Samoa,2010,7,International Telecommunication Union (ITU)
Samoa,2015,25.407,International Telecommunication Union (ITU)
Samoa,2016,29.4117,International Telecommunication Union (ITU)
Samoa,2017,33.6109,International Telecommunication Union (ITU)
San Marino,2000,48.7995,International Telecommunication Union (ITU)
San Marino,2005,50.2596,International Telecommunication Union (ITU)
San Marino,2017,60.1823,International Telecommunication Union (ITU)
Sao Tome and Principe,2000,4.6385,International Telecommunication Union (ITU)
Sao Tome and Principe,2005,13.7595,International Telecommunication Union (ITU)
Sao Tome and Principe,2010,18.75,International Telecommunication Union (ITU)
Sao Tome and Principe,2015,25.82,International Telecommunication Union (ITU)
Sao Tome and Principe,2016,28,International Telecommunication Union (ITU)
Sao Tome and Principe,2017,29.9312,International Telecommunication Union (ITU)
Saudi Arabia,2000,2.2107,International Telecommunication Union (ITU)
Saudi Arabia,2005,12.705,International Telecommunication Union (ITU)
Saudi Arabia,2010,41,International Telecommunication Union (ITU)
Saudi Arabia,2015,69.6162,International Telecommunication Union (ITU)
Saudi Arabia,2016,74.8793,International Telecommunication Union (ITU)
Saudi Arabia,2017,82.12,International Telecommunication Union (ITU)
Saudi Arabia,2018,93.31,International Telecommunication Union (ITU)
Senegal,2000,0.404,International Telecommunication Union (ITU)
Senegal,2005,4.7867,International Telecommunication Union (ITU)
Senegal,2010,8,International Telecommunication Union (ITU)
Senegal,2015,27,International Telecommunication Union (ITU)
Senegal,2016,25.6648,International Telecommunication Union (ITU)
Senegal,2017,46,International Telecommunication Union (ITU)
Serbia,2005,26.3,International Telecommunication Union (ITU)
Serbia,2010,40.9,International Telecommunication Union (ITU)
Serbia,2015,65.317,International Telecommunication Union (ITU)
Serbia,2016,67.0568,International Telecommunication Union (ITU)
Serbia,2017,70.3308,International Telecommunication Union (ITU)
Serbia,2018,73.3607,International Telecommunication Union (ITU)
Seychelles,2000,7.3956,International Telecommunication Union (ITU)
Seychelles,2005,25.4133,International Telecommunication Union (ITU)
Seychelles,2010,41,International Telecommunication Union (ITU)
Seychelles,2015,54.2596,International Telecommunication Union (ITU)
Seychelles,2016,56.5147,International Telecommunication Union (ITU)
Seychelles,2017,58.7698,International Telecommunication Union (ITU)
Sierra Leone,2000,0.1183,International Telecommunication Union (ITU)
Sierra Leone,2005,0.2154,International Telecommunication Union (ITU)
Sierra Leone,2010,0.58,International Telecommunication Union (ITU)
Sierra Leone,2015,6.3444,International Telecommunication Union (ITU)
Sierra Leone,2016,11.7732,International Telecommunication Union (ITU)
Sierra Leone,2017,9,International Telecommunication Union (ITU)
Singapore,2000,36,International Telecommunication Union (ITU)
Singapore,2005,61,International Telecommunication Union (ITU)
Singapore,2010,71,International Telecommunication Union (ITU)
Singapore,2015,79.013,International Telecommunication Union (ITU)
Singapore,2016,84.4523,International Telecommunication Union (ITU)
Singapore,2017,84.4495,International Telecommunication Union (ITU)
Singapore,2018,88.1656,International Telecommunication Union (ITU)
Slovakia,2000,9.4268,International Telecommunication Union (ITU)
Slovakia,2005,55.19,International Telecommunication Union (ITU)
Slovakia,2010,75.71,International Telecommunication Union (ITU)
Slovakia,2015,77.6347,International Telecommunication Union (ITU)
Slovakia,2016,80.4759,International Telecommunication Union (ITU)
Slovakia,2017,81.6257,International Telecommunication Union (ITU)
Slovakia,2018,80.6603,International Telecommunication Union (ITU)
Slovenia,2000,15.1103,International Telecommunication Union (ITU)
Slovenia,2005,46.81,International Telecommunication Union (ITU)
Slovenia,2010,70,International Telecommunication Union (ITU)
Slovenia,2015,73.0987,International Telecommunication Union (ITU)
Slovenia,2016,75.4985,International Telecommunication Union (ITU)
Slovenia,2017,78.8854,International Telecommunication Union (ITU)
Slovenia,2018,79.75,International Telecommunication Union (ITU)
Solomon Islands,2000,0.4813,International Telecommunication Union (ITU)
Solomon Islands,2005,0.8443,International Telecommunication Union (ITU)
Solomon Islands,2010,5,International Telecommunication Union (ITU)
Solomon Islands,2015,10.0005,International Telecommunication Union (ITU)
Solomon Islands,2016,11.0009,International Telecommunication Union (ITU)
Solomon Islands,2017,11.9242,International Telecommunication Union (ITU)
Somalia,2000,0.02,International Telecommunication Union (ITU)
Somalia,2005,1.0773,International Telecommunication Union (ITU)
Somalia,2015,1.76,International Telecommunication Union (ITU)
Somalia,2016,1.88,International Telecommunication Union (ITU)
Somalia,2017,2.004,International Telecommunication Union (ITU)
South Africa,2000,5.3486,International Telecommunication Union (ITU)
South Africa,2005,7.4885,International Telecommunication Union (ITU)
South Africa,2010,24,International Telecommunication Union (ITU)
South Africa,2015,51.9191,International Telecommunication Union (ITU)
South Africa,2016,54,International Telecommunication Union (ITU)
South Africa,2017,56.1674,International Telecommunication Union (ITU)
South Sudan,2015,5.5,International Telecommunication Union (ITU)
South Sudan,2016,6.6797,International Telecommunication Union (ITU)
South Sudan,2017,7.9774,International Telecommunication Union (ITU)
Spain,2000,13.625,International Telecommunication Union (ITU)
Spain,2005,47.88,International Telecommunication Union (ITU)
Spain,2010,65.8,International Telecommunication Union (ITU)
Spain,2015,78.6896,International Telecommunication Union (ITU)
Spain,2016,80.5613,International Telecommunication Union (ITU)
Spain,2017,84.6022,International Telecommunication Union (ITU)
Spain,2018,86.1072,International Telecommunication Union (ITU)
Sri Lanka,2000,0.6474,International Telecommunication Union (ITU)
Sri Lanka,2005,1.792,International Telecommunication Union (ITU)
Sri Lanka,2010,12,International Telecommunication Union (ITU)
Sri Lanka,2015,12.1,International Telecommunication Union (ITU)
Sri Lanka,2016,16.4,International Telecommunication Union (ITU)
Sri Lanka,2017,34.1133,International Telecommunication Union (ITU)
State of Palestine,2000,1.1113,International Telecommunication Union (ITU)
State of Palestine,2005,16.005,International Telecommunication Union (ITU)
State of Palestine,2010,37.4,International Telecommunication Union (ITU)
State of Palestine,2015,57.4242,International Telecommunication Union (ITU)
State of Palestine,2016,61.1784,International Telecommunication Union (ITU)
State of Palestine,2017,65.2,International Telecommunication Union (ITU)
State of Palestine,2018,64.4,International Telecommunication Union (ITU)
Sudan,2000,0.0258,International Telecommunication Union (ITU)
Sudan,2005,1.292,International Telecommunication Union (ITU)
Sudan,2010,16.7,International Telecommunication Union (ITU)
Sudan,2015,26.61,International Telecommunication Union (ITU)
Sudan,2016,14.1,International Telecommunication Union (ITU)
Sudan,2017,30.8703,International Telecommunication Union (ITU)
Suriname,2000,2.5064,International Telecommunication Union (ITU)
Suriname,2005,6.4031,International Telecommunication Union (ITU)
Suriname,2010,31.59,International Telecommunication Union (ITU)
Suriname,2015,42.7638,International Telecommunication Union (ITU)
Suriname,2016,45.4,International Telecommunication Union (ITU)
Suriname,2017,48.9452,International Telecommunication Union (ITU)
Sweden,2000,45.6877,International Telecommunication Union (ITU)
Sweden,2005,84.83,International Telecommunication Union (ITU)
Sweden,2010,90,International Telecommunication Union (ITU)
Sweden,2015,90.6102,International Telecommunication Union (ITU)
Sweden,2016,89.6509,International Telecommunication Union (ITU)
Sweden,2017,95.5101,International Telecommunication Union (ITU)
Sweden,2018,92.1417,International Telecommunication Union (ITU)
Switzerland,2000,47.1,International Telecommunication Union (ITU)
Switzerland,2005,70.1,International Telecommunication Union (ITU)
Switzerland,2010,83.9,International Telecommunication Union (ITU)
Switzerland,2015,87.4791,International Telecommunication Union (ITU)
Switzerland,2016,89.1347,International Telecommunication Union (ITU)
Switzerland,2017,89.6861,International Telecommunication Union (ITU)
Syrian Arab Republic,2000,0.1817,International Telecommunication Union (ITU)
Syrian Arab Republic,2005,5.6481,International Telecommunication Union (ITU)
Syrian Arab Republic,2010,20.7,International Telecommunication Union (ITU)
Syrian Arab Republic,2015,29.9798,International Telecommunication Union (ITU)
Syrian Arab Republic,2016,31.8696,International Telecommunication Union (ITU)
Syrian Arab Republic,2017,34.2534,International Telecommunication Union (ITU)
Tajikistan,2000,0.0486,International Telecommunication Union (ITU)
Tajikistan,2005,0.2987,International Telecommunication Union (ITU)
Tajikistan,2010,11.55,International Telecommunication Union (ITU)
Tajikistan,2015,18.98,International Telecommunication Union (ITU)
Tajikistan,2016,20.47,International Telecommunication Union (ITU)
Tajikistan,2017,21.96,International Telecommunication Union (ITU)
Thailand,2000,3.689,International Telecommunication Union (ITU)
Thailand,2005,15.026,International Telecommunication Union (ITU)
Thailand,2010,22.4,International Telecommunication Union (ITU)
Thailand,2015,39.3161,International Telecommunication Union (ITU)
Thailand,2016,47.505,International Telecommunication Union (ITU)
Thailand,2017,52.8919,International Telecommunication Union (ITU)
Thailand,2018,56.8175,International Telecommunication Union (ITU)
Timor-Leste,2005,0.099,International Telecommunication Union (ITU)
Timor-Leste,2010,3,International Telecommunication Union (ITU)
Timor-Leste,2015,23,International Telecommunication Union (ITU)
Timor-Leste,2016,25.2462,International Telecommunication Union (ITU)
Timor-Leste,2017,27.4927,International Telecommunication Union (ITU)
Togo,2000,0.8,International Telecommunication Union (ITU)
Togo,2005,1.8,International Telecommunication Union (ITU)
Togo,2010,3,International Telecommunication Union (ITU)
Togo,2015,7.12,International Telecommunication Union (ITU)
Togo,2016,11.31,International Telecommunication Union (ITU)
Togo,2017,12.3602,International Telecommunication Union (ITU)
Tonga,2000,2.4344,International Telecommunication Union (ITU)
Tonga,2005,4.9078,International Telecommunication Union (ITU)
Tonga,2010,16,International Telecommunication Union (ITU)
Tonga,2015,38.6513,International Telecommunication Union (ITU)
Tonga,2016,39.95,International Telecommunication Union (ITU)
Tonga,2017,41.2487,International Telecommunication Union (ITU)
Trinidad and Tobago,2000,7.7214,International Telecommunication Union (ITU)
Trinidad and Tobago,2005,28.9767,International Telecommunication Union (ITU)
Trinidad and Tobago,2010,48.5,International Telecommunication Union (ITU)
Trinidad and Tobago,2015,69.1985,International Telecommunication Union (ITU)
Trinidad and Tobago,2016,73.2969,International Telecommunication Union (ITU)
Trinidad and Tobago,2017,77.3261,International Telecommunication Union (ITU)
Tunisia,2000,2.7507,International Telecommunication Union (ITU)
Tunisia,2005,9.6551,International Telecommunication Union (ITU)
Tunisia,2010,36.8,International Telecommunication Union (ITU)
Tunisia,2015,46.5,International Telecommunication Union (ITU)
Tunisia,2016,49.6,International Telecommunication Union (ITU)
Tunisia,2017,64.1908,International Telecommunication Union (ITU)
Tunisia,2018,64.1908,International Telecommunication Union (ITU)
Turkey,2000,3.7617,International Telecommunication Union (ITU)
Turkey,2005,15.46,International Telecommunication Union (ITU)
Turkey,2010,39.82,International Telecommunication Union (ITU)
Turkey,2015,53.745,International Telecommunication Union (ITU)
Turkey,2016,58.3477,International Telecommunication Union (ITU)
Turkey,2017,64.6846,International Telecommunication Union (ITU)
Turkey,2018,71.0428,International Telecommunication Union (ITU)
Turkmenistan,2000,0.1333,International Telecommunication Union (ITU)
Turkmenistan,2005,0.9973,International Telecommunication Union (ITU)
Turkmenistan,2010,3,International Telecommunication Union (ITU)
Turkmenistan,2015,14.9968,International Telecommunication Union (ITU)
Turkmenistan,2016,17.9903,International Telecommunication Union (ITU)
Turkmenistan,2017,21.251,International Telecommunication Union (ITU)
Tuvalu,2000,5.2416,International Telecommunication Union (ITU)
Tuvalu,2010,25,International Telecommunication Union (ITU)
Tuvalu,2015,42.7,International Telecommunication Union (ITU)
Tuvalu,2016,46.0092,International Telecommunication Union (ITU)
Tuvalu,2017,49.3183,International Telecommunication Union (ITU)
Uganda,2000,0.1637,International Telecommunication Union (ITU)
Uganda,2005,1.7422,International Telecommunication Union (ITU)
Uganda,2010,12.5,International Telecommunication Union (ITU)
Uganda,2015,17.8349,International Telecommunication Union (ITU)
Uganda,2016,21.8762,International Telecommunication Union (ITU)
Uganda,2017,23.7065,International Telecommunication Union (ITU)
Ukraine,2000,0.7162,International Telecommunication Union (ITU)
Ukraine,2005,3.7498,International Telecommunication Union (ITU)
Ukraine,2010,23.3,International Telecommunication Union (ITU)
Ukraine,2015,48.8846,International Telecommunication Union (ITU)
Ukraine,2016,53,International Telecommunication Union (ITU)
Ukraine,2017,58.8895,International Telecommunication Union (ITU)
Ukraine,2018,62.5532,International Telecommunication Union (ITU)
United Arab Emirates,2000,23.6253,International Telecommunication Union (ITU)
United Arab Emirates,2005,40,International Telecommunication Union (ITU)
United Arab Emirates,2010,68,International Telecommunication Union (ITU)
United Arab Emirates,2015,90.5,International Telecommunication Union (ITU)
United Arab Emirates,2016,90.6,International Telecommunication Union (ITU)
United Arab Emirates,2017,94.8199,International Telecommunication Union (ITU)
United Arab Emirates,2018,98.45,International Telecommunication Union (ITU)
United Kingdom,2000,26.8218,International Telecommunication Union (ITU)
United Kingdom,2005,70,International Telecommunication Union (ITU)
United Kingdom,2010,85,International Telecommunication Union (ITU)
United Kingdom,2015,92.0003,International Telecommunication Union (ITU)
United Kingdom,2016,94.7758,International Telecommunication Union (ITU)
United Kingdom,2017,94.62,International Telecommunication Union (ITU)
United Kingdom,2018,94.8967,International Telecommunication Union (ITU)
United Rep. of Tanzania,2000,0.1172,International Telecommunication Union (ITU)
United Rep. of Tanzania,2005,1.1,International Telecommunication Union (ITU)
United Rep. of Tanzania,2010,2.9,International Telecommunication Union (ITU)
United Rep. of Tanzania,2015,20,International Telecommunication Union (ITU)
United Rep. of Tanzania,2016,13,International Telecommunication Union (ITU)
United Rep. of Tanzania,2017,25,International Telecommunication Union (ITU)
United States of America,2000,43.0792,International Telecommunication Union (ITU)
United States of America,2005,67.9681,International Telecommunication Union (ITU)
United States of America,2010,71.69,International Telecommunication Union (ITU)
United States of America,2015,74.5542,International Telecommunication Union (ITU)
United States of America,2016,85.5444,International Telecommunication Union (ITU)
United States of America,2017,87.2661,International Telecommunication Union (ITU)
United States Virgin Islands,2000,13.8151,International Telecommunication Union (ITU)
United States Virgin Islands,2005,27.3443,International Telecommunication Union (ITU)
United States Virgin Islands,2010,31.22,International Telecommunication Union (ITU)
United States Virgin Islands,2015,54.8391,International Telecommunication Union (ITU)
United States Virgin Islands,2016,59.6083,International Telecommunication Union (ITU)
United States Virgin Islands,2017,64.3775,International Telecommunication Union (ITU)
Uruguay,2000,10.5391,International Telecommunication Union (ITU)
Uruguay,2005,20.0882,International Telecommunication Union (ITU)
Uruguay,2010,46.4,International Telecommunication Union (ITU)
Uruguay,2015,64.5708,International Telecommunication Union (ITU)
Uruguay,2016,66.4,International Telecommunication Union (ITU)
Uruguay,2017,68.2797,International Telecommunication Union (ITU)
Uruguay,2018,74.7671,International Telecommunication Union (ITU)
Uzbekistan,2000,0.4843,International Telecommunication Union (ITU)
Uzbekistan,2005,3.3435,International Telecommunication Union (ITU)
Uzbekistan,2010,15.9,International Telecommunication Union (ITU)
Uzbekistan,2015,42.8,International Telecommunication Union (ITU)
Uzbekistan,2016,46.7913,International Telecommunication Union (ITU)
Uzbekistan,2017,52.3051,International Telecommunication Union (ITU)
Uzbekistan,2018,55.2,International Telecommunication Union (ITU)
Vanuatu,2000,2.1083,International Telecommunication Union (ITU)
Vanuatu,2005,5.0823,International Telecommunication Union (ITU)
Vanuatu,2010,8,International Telecommunication Union (ITU)
Vanuatu,2015,22.3514,International Telecommunication Union (ITU)
Vanuatu,2016,24,International Telecommunication Union (ITU)
Vanuatu,2017,25.7198,International Telecommunication Union (ITU)
Venezuela (Boliv. Rep. of),2000,3.3596,International Telecommunication Union (ITU)
Venezuela (Boliv. Rep. of),2005,12.553,International Telecommunication Union (ITU)
Venezuela (Boliv. Rep. of),2010,37.37,International Telecommunication Union (ITU)
Venezuela (Boliv. Rep. of),2015,64,International Telecommunication Union (ITU)
Venezuela (Boliv. Rep. of),2016,60,International Telecommunication Union (ITU)
Venezuela (Boliv. Rep. of),2017,72,International Telecommunication Union (ITU)
Viet Nam,2000,0.2542,International Telecommunication Union (ITU)
Viet Nam,2005,12.7399,International Telecommunication Union (ITU)
Viet Nam,2010,30.65,International Telecommunication Union (ITU)
Viet Nam,2015,45,International Telecommunication Union (ITU)
Viet Nam,2016,53,International Telecommunication Union (ITU)
Viet Nam,2017,58.14,International Telecommunication Union (ITU)
Viet Nam,2018,70.3496,International Telecommunication Union (ITU)
Wallis and Futuna Islands,2000,4.7681,International Telecommunication Union (ITU)
Wallis and Futuna Islands,2005,6.7042,International Telecommunication Union (ITU)
Wallis and Futuna Islands,2010,8.16,International Telecommunication Union (ITU)
Yemen,2000,0.0825,International Telecommunication Union (ITU)
Yemen,2005,1.0486,International Telecommunication Union (ITU)
Yemen,2010,12.35,International Telecommunication Union (ITU)
Yemen,2015,24.0854,International Telecommunication Union (ITU)
Yemen,2016,24.5792,International Telecommunication Union (ITU)
Yemen,2017,26.7184,International Telecommunication Union (ITU)
Zambia,2000,0.1911,International Telecommunication Union (ITU)
Zambia,2005,2.8518,International Telecommunication Union (ITU)
Zambia,2010,10,International Telecommunication Union (ITU)
Zambia,2015,21,International Telecommunication Union (ITU)
Zambia,2016,25.5066,International Telecommunication Union (ITU)
Zambia,2017,27.8526,International Telecommunication Union (ITU)
Zambia,2018,14.3,International Telecommunication Union (ITU)
Zimbabwe,2000,0.4014,International Telecommunication Union (ITU)
Zimbabwe,2005,2.4,International Telecommunication Union (ITU)
Zimbabwe,2010,6.4,International Telecommunication Union (ITU)
Zimbabwe,2015,22.7428,International Telecommunication Union (ITU)
Zimbabwe,2016,23.12,International Telecommunication Union (ITU)
Zimbabwe,2017,27.0555,International Telecommunication Union (ITU)